ID,Order ID,Material ID,Quantity,Coverage Area,Price Per SQM,Description
100001,10001,1078,4,23,479,
100002,10002,1028,1,5,487,
100003,10003,1026,16,38,470,
100004,10003,1061,2,9,508,
100005,10004,1055,2,10,460,
100006,10005,1009,6,12,515,
100007,10005,1061,9,28,291,
100008,10005,1024,5,32,274,
100009,10006,1013,9,21,251,
100010,10006,1011,6,18,316,
100011,10006,1034,10,32,597,
100012,10006,1064,9,44,499,
100013,10007,1032,6,15,445,
100014,10007,1015,15,32,378,
100015,10007,1076,4,13,235,
100016,10008,1058,17,37,254,
100017,10009,1064,8,45,511,
100018,10010,1053,19,75,532,
100019,10011,1004,13,49,231,
100020,10011,1060,23,53,497,
100021,10011,1073,10,25,382,
100022,10011,1042,3,7,580,
100023,10012,1037,3,13,282,
100024,10013,1027,5,17,585,
100025,10014,1034,6,20,185,
100026,10014,1042,9,23,566,
100027,10015,1074,17,43,168,
100028,10016,1057,19,85,317,
100029,10016,1020,6,26,538,
100030,10016,1044,19,42,563,
100031,10017,1049,1,9,433,
100032,10017,1059,6,66,371,
100033,10018,1047,3,25,201,
100034,10019,1002,3,34,284,
100035,10020,1043,16,43,263,
100036,10021,1039,1,2,163,
100037,10022,1036,1,8,406,
100038,10022,1076,3,17,305,
100039,10023,1010,11,43,468,
100040,10024,1043,6,48,150,
100041,10025,1073,9,22,371,
100042,10026,1024,13,28,363,
100043,10027,1024,5,32,537,
100044,10027,1026,11,49,156,
100045,10027,1044,3,34,544,
100046,10027,1075,1,1,373,
100047,10028,1060,16,45,470,
100048,10029,1042,2,25,286,
100049,10030,1006,17,43,346,
100050,10031,1065,30,90,445,
100051,10031,1077,12,24,289,
100052,10031,1078,7,44,444,
100053,10031,1050,39,99,416,
100054,10032,1007,1,2,499,
100055,10033,1036,3,10,404,
100056,10033,1002,24,78,245,
100057,10034,1045,36,85,220,
100058,10034,1055,4,10,355,
100059,10035,1044,10,32,357,
100060,10035,1006,5,31,544,
100061,10035,1069,2,10,198,
100062,10036,1016,30,66,197,
100063,10037,1044,27,92,515,
100064,10038,1053,1,3,448,
100065,10039,1060,14,85,545,
100066,10039,1056,5,12,221,
100067,10040,1048,8,44,386,
100068,10041,1075,11,53,252,
100069,10041,1004,8,26,384,
100070,10042,1048,1,6,556,
100071,10043,1017,24,49,582,
100072,10044,1001,3,14,583,
100073,10044,1050,1,3,402,
100074,10045,1071,10,47,592,
100075,10045,1043,1,6,441,
100076,10046,1027,18,37,215,
100077,10046,1068,22,46,472,
100078,10047,1002,3,23,225,
100079,10048,1046,36,116,219,
100080,10049,1070,16,36,510,
100081,10049,1020,20,41,480,
100082,10049,1063,12,33,381,
100083,10049,1033,5,25,207,
100084,10049,1065,1,16,293,
100085,10050,1061,3,30,557,
100086,10051,1056,12,98,464,
100087,10052,1067,25,67,208,
100088,10053,1075,23,114,276,
100089,10054,1057,14,32,390,
100090,10055,1031,7,48,271,
100091,10056,1065,19,46,321,
100092,10057,1052,2,29,299,
100093,10058,1027,1,1,352,
100094,10059,1068,2,23,412,
100095,10060,1054,41,97,254,
100096,10061,1021,8,16,201,
100097,10062,1007,16,60,398,
100098,10062,1038,1,17,348,
100099,10063,1066,1,2,327,
100100,10063,1067,12,32,182,
100101,10063,1025,9,21,462,
100102,10064,1040,1,2,397,
100103,10065,1050,17,50,281,
100104,10066,1022,6,12,487,
100105,10067,1016,13,47,464,
100106,10068,1067,37,99,175,
100107,10068,1039,23,92,189,
100108,10069,1064,8,47,176,
100109,10069,1023,1,6,347,
100110,10070,1069,7,28,401,
100111,10070,1045,11,29,288,
100112,10071,1071,3,14,235,
100113,10071,1013,2,25,467,
100114,10071,1035,1,3,347,
100115,10072,1072,32,73,521,
100116,10073,1048,16,40,401,
100117,10073,1062,20,77,286,
100118,10073,1003,9,49,342,
100119,10073,1065,5,11,299,
100120,10073,1004,17,114,442,
100121,10074,1071,2,5,202,
100122,10075,1021,13,35,458,
100123,10076,1051,2,14,434,
100124,10076,1033,9,47,551,
100125,10076,1052,12,28,548,
100126,10076,1043,1,5,165,
100127,10077,1060,8,28,535,
100128,10077,1014,1,8,574,
100129,10078,1044,13,53,409,
100130,10078,1043,4,32,472,
100131,10079,1034,1,3,571,
100132,10079,1037,5,21,377,
100133,10079,1038,33,95,259,
100134,10079,1070,10,75,494,
100135,10079,1053,8,35,354,
100136,10080,1061,7,20,401,
100137,10081,1057,1,1,414,
100138,10082,1048,6,54,436,
100139,10083,1039,6,31,406,
100140,10084,1006,5,12,584,
100141,10084,1066,19,43,370,
100142,10084,1008,24,81,565,
100143,10085,1040,2,23,287,
100144,10085,1022,13,32,422,
100145,10085,1025,15,47,307,
100146,10086,1015,15,31,331,
100147,10087,1068,3,20,310,
100148,10088,1079,11,26,298,
100149,10088,1026,10,29,283,
100150,10088,1003,11,25,251,
100151,10088,1069,3,13,450,
100152,10088,1028,5,50,207,
100153,10089,1004,11,75,217,
100154,10089,1053,6,30,465,
100155,10089,1034,26,66,324,
100156,10090,1036,26,74,454,
100157,10090,1050,10,31,362,
100158,10091,1006,3,34,596,
100159,10092,1026,16,39,334,
100160,10093,1007,5,41,297,
100161,10094,1070,31,95,586,
100162,10094,1041,16,143,449,
100163,10094,1068,5,44,397,
100164,10095,1010,18,38,568,
100165,10096,1064,24,48,413,
100166,10096,1006,3,12,545,
100167,10097,1072,17,82,250,
100168,10098,1029,23,94,251,
100169,10099,1078,1,14,501,
100170,10100,1004,12,34,560,
100171,10100,1062,2,5,360,
100172,10100,1051,5,36,169,
100173,10100,1002,2,5,570,
100174,10100,1065,3,13,291,
100175,10101,1007,3,38,163,
100176,10102,1026,11,90,390,
100177,10102,1042,11,33,391,
100178,10103,1014,14,33,419,
100179,10104,1007,30,132,551,
100180,10104,1074,3,32,212,
100181,10105,1070,6,44,397,
100182,10106,1016,19,84,478,
100183,10107,1069,14,44,496,
100184,10108,1041,2,4,192,
100185,10109,1052,1,4,160,
100186,10110,1047,2,17,487,
100187,10111,1077,6,12,411,
100188,10112,1024,12,40,533,
100189,10113,1076,1,4,374,
100190,10113,1049,12,33,590,
100191,10113,1077,14,49,269,
100192,10114,1029,4,12,401,
100193,10115,1049,26,92,530,
100194,10116,1064,16,36,298,
100195,10117,1039,1,3,157,
100196,10117,1047,4,9,413,
100197,10118,1068,21,60,498,
100198,10119,1077,3,17,175,
100199,10120,1041,1,15,556,
100200,10121,1049,2,18,260,
100201,10121,1032,53,143,182,
100202,10122,1058,7,36,497,
100203,10122,1018,6,18,266,
100204,10123,1035,19,94,304,
100205,10124,1003,6,20,575,
100206,10125,1057,9,42,156,
100207,10126,1021,28,79,304,
100208,10127,1063,14,35,198,
100209,10128,1059,30,63,359,
100210,10128,1036,13,114,511,
100211,10128,1011,18,52,270,
100212,10129,1012,1,17,361,
100213,10130,1063,1,5,539,
100214,10130,1049,5,37,587,
100215,10131,1036,71,148,576,
100216,10131,1055,18,63,223,
100217,10132,1024,52,113,452,
100218,10133,1043,10,90,333,
100219,10133,1079,23,122,423,
100220,10133,1002,22,45,574,
100221,10133,1063,12,33,320,
100222,10133,1070,7,20,330,
100223,10134,1077,35,137,391,
100224,10135,1051,10,30,473,
100225,10135,1067,4,12,323,
100226,10135,1018,19,40,543,
100227,10136,1039,1,13,275,
100228,10137,1024,13,47,174,
100229,10138,1017,3,7,213,
100230,10138,1074,28,128,538,
100231,10138,1056,26,63,227,
100232,10138,1032,36,84,285,
100233,10139,1063,3,14,267,
100234,10139,1038,6,17,551,
100235,10139,1060,14,37,556,
100236,10139,1012,56,141,491,
100237,10140,1069,61,139,356,
100238,10140,1028,9,95,462,
100239,10141,1001,19,41,321,
100240,10142,1032,1,2,441,
100241,10143,1059,1,2,298,
100242,10144,1024,23,81,200,
100243,10145,1052,2,12,505,
100244,10145,1021,8,28,424,
100245,10146,1065,6,13,300,
100246,10147,1006,1,1,362,
100247,10148,1039,18,49,359,
100248,10148,1005,10,42,334,
100249,10149,1038,1,1,378,
100250,10149,1045,13,40,570,
100251,10150,1066,25,55,474,
100252,10151,1046,13,43,376,
100253,10151,1033,4,25,264,
100254,10151,1042,7,20,272,
100255,10151,1054,11,33,402,
100256,10152,1050,8,71,318,
100257,10153,1070,3,29,434,
100258,10153,1033,22,55,281,
100259,10153,1014,15,135,403,
100260,10153,1067,44,89,207,
100261,10154,1009,16,38,600,
100262,10155,1060,2,14,425,
100263,10155,1073,9,83,559,
100264,10155,1049,5,23,448,
100265,10155,1045,5,14,481,
100266,10155,1067,4,21,369,
100267,10156,1075,1,8,159,
100268,10157,1064,1,9,331,
100269,10157,1021,24,73,516,
100270,10157,1033,34,100,355,
100271,10158,1038,1,3,341,
100272,10159,1028,16,63,332,
100273,10160,1031,1,3,370,
100274,10161,1030,1,2,460,
100275,10162,1039,2,17,351,
100276,10162,1048,4,27,217,
100277,10162,1076,2,10,522,
100278,10162,1051,12,45,296,
100279,10163,1011,22,44,429,
100280,10163,1018,1,10,375,
100281,10164,1044,18,50,495,
100282,10164,1074,16,36,191,
100283,10164,1004,8,21,335,
100284,10165,1012,3,9,401,
100285,10166,1069,39,80,542,
100286,10166,1041,4,9,452,
100287,10167,1004,3,21,153,
100288,10168,1057,32,87,472,
100289,10169,1007,5,10,398,
100290,10169,1049,21,90,494,
100291,10170,1025,3,8,592,
100292,10171,1059,1,2,240,
100293,10172,1019,8,38,229,
100294,10173,1030,7,34,587,
100295,10174,1012,15,34,491,
100296,10174,1077,6,41,511,
100297,10174,1075,9,67,263,
100298,10175,1015,10,49,596,
100299,10176,1025,17,43,150,
100300,10177,1060,10,39,243,
100301,10178,1073,28,89,444,
100302,10179,1053,14,60,355,
100303,10180,1055,2,18,281,
100304,10181,1068,8,47,592,
100305,10181,1016,10,41,277,
100306,10182,1003,25,139,402,
100307,10183,1035,7,30,527,
100308,10183,1050,1,2,519,
100309,10184,1063,2,29,376,
100310,10185,1021,9,23,244,
100311,10186,1004,9,40,203,
100312,10187,1001,9,34,419,
100313,10188,1062,14,33,419,
100314,10189,1059,20,43,294,
100315,10190,1019,11,35,162,
100316,10191,1025,1,3,153,
100317,10192,1045,9,45,392,
100318,10193,1066,24,67,287,
100319,10194,1066,32,89,215,
100320,10195,1051,30,70,170,
100321,10195,1009,3,7,170,
100322,10195,1042,24,76,203,
100323,10195,1062,24,49,582,
100324,10196,1046,2,18,202,
100325,10196,1022,11,39,224,
100326,10197,1007,9,44,194,
100327,10197,1047,9,20,377,
100328,10197,1025,8,23,360,
100329,10198,1037,1,3,481,
100330,10199,1037,2,8,461,
100331,10199,1003,20,44,328,
100332,10200,1022,5,37,261,
100333,10201,1035,32,71,513,
100334,10202,1034,2,21,482,
100335,10203,1079,12,58,292,
100336,10203,1005,8,46,364,
100337,10204,1077,13,40,433,
100338,10205,1079,4,33,195,
100339,10205,1055,3,11,218,
100340,10206,1025,16,50,433,
100341,10206,1036,4,16,401,
100342,10206,1076,4,14,492,
100343,10206,1052,8,50,358,
100344,10207,1055,30,64,216,
100345,10208,1026,48,131,319,
100346,10209,1016,4,19,386,
100347,10210,1056,6,23,311,
100348,10210,1038,6,34,260,
100349,10211,1043,16,97,403,
100350,10212,1068,11,74,180,
100351,10213,1025,1,1,337,
100352,10214,1026,39,83,527,
100353,10214,1048,5,20,160,
100354,10214,1009,25,59,579,
100355,10215,1042,4,29,170,
100356,10215,1007,5,26,394,
100357,10216,1015,7,44,405,
100358,10217,1014,4,23,318,
100359,10218,1028,6,19,234,
100360,10219,1043,28,139,327,
100361,10220,1032,12,35,589,
100362,10221,1037,11,38,444,
100363,10222,1039,9,26,507,
100364,10222,1076,5,31,506,
100365,10223,1010,8,23,487,
100366,10224,1069,4,15,579,
100367,10225,1035,20,52,589,
100368,10226,1019,1,12,504,
100369,10226,1027,38,87,600,
100370,10226,1026,3,14,453,
100371,10226,1008,18,80,571,
100372,10227,1022,1,3,310,
100373,10228,1049,22,48,294,
100374,10228,1078,15,71,281,
100375,10229,1055,2,8,422,
100376,10230,1025,9,22,310,
100377,10231,1012,11,22,486,
100378,10232,1030,4,49,311,
100379,10232,1068,8,19,393,
100380,10233,1016,1,7,441,
100381,10233,1069,12,33,589,
100382,10234,1016,35,86,250,
100383,10235,1046,1,17,373,
100384,10236,1018,1,9,397,
100385,10237,1037,3,32,502,
100386,10238,1023,1,4,291,
100387,10239,1052,1,9,217,
100388,10239,1002,20,51,529,
100389,10239,1067,8,30,233,
100390,10240,1043,4,16,544,
100391,10241,1069,43,91,475,
100392,10241,1026,12,34,257,
100393,10242,1046,8,86,542,
100394,10243,1014,5,20,357,
100395,10244,1042,18,38,306,
100396,10245,1007,15,39,321,
100397,10246,1041,17,56,420,
100398,10247,1057,5,15,593,
100399,10248,1015,29,99,464,
100400,10248,1053,11,32,159,
100401,10249,1011,34,118,265,
100402,10249,1027,5,20,593,
100403,10250,1001,4,13,548,
100404,10250,1072,1,1,311,
100405,10250,1012,7,32,316,
100406,10250,1026,3,6,174,
100407,10251,1008,1,10,294,
100408,10252,1023,2,13,385,
100409,10252,1060,1,15,452,
100410,10253,1020,11,38,169,
100411,10254,1015,1,4,257,
100412,10255,1020,6,19,289,
100413,10256,1042,21,51,186,
100414,10256,1078,18,48,155,
100415,10257,1025,11,46,207,
100416,10257,1029,8,31,395,
100417,10257,1051,21,56,359,
100418,10257,1074,14,40,231,
100419,10258,1045,7,40,362,
100420,10258,1002,25,55,442,
100421,10259,1042,6,19,206,
100422,10260,1061,5,15,448,
100423,10261,1026,25,101,563,
100424,10262,1012,33,67,241,
100425,10262,1076,1,4,515,
100426,10263,1073,6,34,254,
100427,10263,1002,8,22,423,
100428,10264,1028,16,40,398,
100429,10265,1052,37,75,269,
100430,10266,1039,4,9,543,
100431,10267,1057,12,61,325,
100432,10267,1013,3,13,293,
100433,10268,1007,1,3,241,
100434,10268,1002,9,19,287,
100435,10268,1001,9,46,526,
100436,10268,1054,19,59,227,
100437,10269,1034,1,1,394,
100438,10269,1054,1,4,409,
100439,10270,1024,14,89,188,
100440,10270,1067,4,18,425,
100441,10270,1041,24,117,322,
100442,10271,1008,1,18,235,
100443,10271,1011,2,5,405,
100444,10271,1033,3,26,556,
100445,10272,1059,19,40,568,
100446,10273,1030,1,8,183,
100447,10274,1007,5,23,272,
100448,10275,1065,14,85,428,
100449,10276,1008,15,46,190,
100450,10277,1065,10,35,488,
100451,10277,1018,16,39,275,
100452,10278,1015,34,87,346,
100453,10279,1002,2,10,176,
100454,10279,1078,18,40,547,
100455,10280,1033,17,67,316,
100456,10281,1012,5,12,306,
100457,10282,1004,3,20,583,
100458,10283,1061,3,7,342,
100459,10283,1027,1,2,392,
100460,10283,1029,3,27,237,
100461,10283,1056,14,41,381,
100462,10284,1015,2,20,247,
100463,10284,1074,5,10,302,
100464,10285,1015,4,9,339,
100465,10285,1013,2,5,275,
100466,10286,1016,4,25,555,
100467,10287,1013,8,24,210,
100468,10287,1013,13,52,526,
100469,10288,1038,2,10,459,
100470,10289,1053,9,19,213,
100471,10290,1024,10,26,565,
100472,10290,1003,6,16,568,
100473,10290,1064,7,47,262,
100474,10290,1015,4,14,352,
100475,10291,1019,12,44,496,
100476,10291,1047,34,70,312,
100477,10292,1025,1,7,596,
100478,10293,1052,3,19,591,
100479,10293,1050,11,36,197,
100480,10294,1066,14,42,426,
100481,10295,1022,4,29,595,
100482,10296,1075,29,99,398,
100483,10297,1061,8,22,166,
100484,10298,1029,25,79,286,
100485,10299,1013,5,39,517,
100486,10299,1047,26,95,510,
100487,10300,1059,3,6,498,
100488,10301,1001,3,17,262,
100489,10301,1001,8,43,301,
100490,10302,1040,11,34,418,
100491,10302,1041,3,27,522,
100492,10302,1073,10,37,520,
100493,10303,1028,37,98,428,
100494,10303,1048,12,50,577,
100495,10303,1019,50,110,519,
100496,10304,1051,11,69,457,
100497,10304,1042,6,12,325,
100498,10305,1074,42,89,323,
100499,10306,1057,7,39,549,
100500,10307,1079,1,5,501,
100501,10307,1048,3,8,581,
100502,10308,1061,2,5,213,
100503,10309,1049,6,32,584,
100504,10310,1065,20,45,408,
100505,10310,1043,12,95,536,
100506,10311,1057,18,48,217,
100507,10312,1066,10,29,563,
100508,10313,1058,71,147,264,
100509,10313,1074,11,32,194,
100510,10313,1008,4,9,313,
100511,10313,1005,8,18,234,
100512,10313,1029,10,41,284,
100513,10314,1063,14,45,458,
100514,10314,1053,1,2,328,
100515,10314,1063,15,31,161,
100516,10314,1043,31,124,530,
100517,10315,1027,2,21,255,
100518,10315,1059,3,14,156,
100519,10316,1015,17,99,465,
100520,10316,1041,18,43,560,
100521,10317,1001,1,8,347,
100522,10317,1008,33,82,550,
100523,10318,1065,8,42,471,
100524,10318,1016,20,50,255,
100525,10319,1025,2,13,469,
100526,10319,1024,5,26,184,
100527,10319,1014,3,36,550,
100528,10320,1066,3,10,367,
100529,10320,1036,3,38,487,
100530,10321,1001,4,11,493,
100531,10321,1022,2,4,510,
100532,10321,1062,10,33,295,
100533,10321,1011,6,31,162,
100534,10322,1050,4,26,554,
100535,10322,1024,5,17,241,
100536,10323,1011,9,67,498,
100537,10324,1060,8,24,370,
100538,10324,1068,7,24,301,
100539,10325,1065,9,61,479,
100540,10325,1017,2,12,405,
100541,10325,1014,17,72,451,
100542,10326,1021,53,111,222,
100543,10326,1079,16,66,322,
100544,10326,1007,7,77,196,
100545,10326,1040,35,79,546,
100546,10327,1017,3,8,394,
100547,10327,1057,3,19,482,
100548,10328,1006,27,54,276,
100549,10328,1036,11,36,544,
100550,10329,1016,56,112,196,
100551,10329,1003,9,20,419,
100552,10330,1008,10,24,386,
100553,10330,1052,36,145,461,
100554,10330,1042,2,16,436,
100555,10331,1025,7,17,277,
100556,10331,1030,13,27,364,
100557,10332,1022,8,80,414,
100558,10333,1056,2,9,283,
100559,10334,1067,1,1,264,
100560,10335,1017,30,73,161,
100561,10336,1015,8,18,175,
100562,10336,1030,4,22,362,
100563,10336,1047,7,19,557,
100564,10336,1054,8,28,538,
100565,10337,1036,8,45,473,
100566,10338,1063,23,77,416,
100567,10338,1003,10,20,409,
100568,10338,1075,15,54,431,
100569,10338,1014,9,21,420,
100570,10338,1032,2,7,249,
100571,10339,1016,1,15,303,
100572,10340,1049,1,3,378,
100573,10341,1059,8,20,233,
100574,10342,1040,9,27,223,
100575,10343,1017,8,30,531,
100576,10344,1061,2,22,393,
100577,10345,1015,3,13,323,
100578,10346,1005,37,87,355,
100579,10347,1026,2,20,489,
100580,10348,1006,5,41,152,
100581,10349,1012,10,32,422,
100582,10350,1074,2,17,491,
100583,10350,1025,7,25,418,
100584,10351,1070,50,133,178,
100585,10352,1069,1,2,404,
100586,10352,1079,12,25,316,
100587,10353,1041,21,46,294,
100588,10354,1070,34,68,162,
100589,10355,1056,2,8,572,
100590,10355,1069,22,50,163,
100591,10355,1044,5,15,364,
100592,10355,1069,12,39,202,
100593,10356,1040,1,2,581,
100594,10357,1070,7,24,378,
100595,10357,1001,5,29,582,
100596,10358,1077,4,24,437,
100597,10359,1035,2,11,440,
100598,10359,1054,19,49,171,
100599,10360,1060,6,17,200,
100600,10360,1048,4,19,413,
100601,10361,1038,16,49,571,
100602,10362,1075,10,99,207,
100603,10363,1006,7,19,333,
100604,10364,1035,9,21,288,
100605,10365,1064,8,28,392,
100606,10366,1038,16,56,312,
100607,10367,1039,2,16,173,
100608,10367,1036,4,9,432,
100609,10368,1077,15,39,549,
100610,10368,1017,29,78,275,
100611,10369,1056,3,11,508,
100612,10370,1079,2,4,521,
100613,10371,1022,42,84,167,
100614,10372,1042,29,122,552,
100615,10373,1030,7,75,381,
100616,10374,1067,3,13,434,
100617,10375,1010,2,21,524,
100618,10376,1009,16,47,221,
100619,10376,1032,8,38,467,
100620,10377,1010,13,28,402,
100621,10378,1010,5,41,312,
100622,10379,1023,1,1,472,
100623,10380,1039,23,48,525,
100624,10381,1075,6,19,153,
100625,10382,1063,4,15,384,
100626,10383,1044,12,33,383,
100627,10383,1018,2,12,266,
100628,10384,1033,2,7,392,
100629,10385,1008,33,79,304,
100630,10386,1065,4,12,473,
100631,10387,1047,15,34,311,
100632,10388,1040,4,13,468,
100633,10388,1015,17,90,203,
100634,10389,1074,18,42,527,
100635,10389,1073,3,7,413,
100636,10389,1022,32,116,517,
100637,10390,1054,4,25,515,
100638,10391,1031,4,15,518,
100639,10392,1010,7,29,580,
100640,10393,1012,1,3,379,
100641,10393,1028,3,8,325,
100642,10394,1061,1,3,215,
100643,10395,1070,26,69,195,
100644,10395,1069,21,47,472,
100645,10396,1008,7,45,157,
100646,10396,1041,7,14,521,
100647,10396,1043,20,65,565,
100648,10397,1015,40,144,205,
100649,10398,1038,1,3,461,
100650,10398,1003,4,10,323,
100651,10398,1010,7,34,477,
100652,10399,1033,2,16,537,
100653,10399,1050,10,43,405,
100654,10399,1017,13,37,579,
100655,10399,1013,15,42,588,
100656,10399,1037,1,12,556,
100657,10400,1022,1,1,234,
100658,10400,1030,15,37,330,
100659,10401,1033,12,30,425,
100660,10401,1038,8,21,280,
100661,10401,1011,28,63,496,
100662,10401,1073,1,7,302,
100663,10402,1024,14,94,223,
100664,10403,1007,6,17,177,
100665,10403,1072,7,46,350,
100666,10404,1073,8,22,231,
100667,10405,1076,2,18,297,
100668,10405,1013,9,72,259,
100669,10406,1029,1,2,357,
100670,10406,1058,13,45,562,
100671,10407,1033,9,41,398,
100672,10407,1064,5,29,516,
100673,10408,1058,4,11,581,
100674,10409,1053,28,91,275,
100675,10409,1035,3,24,299,
100676,10409,1070,4,17,345,
100677,10409,1021,9,46,383,
100678,10409,1041,20,42,503,
100679,10410,1054,10,34,540,
100680,10410,1033,4,16,219,
100681,10410,1018,1,13,509,
100682,10410,1010,4,8,277,
100683,10411,1011,1,1,430,
100684,10412,1048,15,49,577,
100685,10413,1054,5,35,475,
100686,10413,1008,3,37,410,
100687,10414,1068,2,11,223,
100688,10414,1056,1,6,513,
100689,10415,1076,13,38,268,
100690,10416,1025,24,72,306,
100691,10417,1027,5,15,377,
100692,10417,1039,21,43,203,
100693,10418,1045,16,33,591,
100694,10418,1018,9,20,177,
100695,10418,1043,15,81,564,
100696,10419,1007,26,79,512,
100697,10419,1048,45,91,497,
100698,10420,1001,16,43,407,
100699,10420,1021,17,36,360,
100700,10421,1005,5,40,515,
100701,10422,1065,9,21,583,
100702,10423,1071,9,25,543,
100703,10424,1058,10,44,178,
100704,10424,1079,8,28,343,
100705,10424,1029,23,46,252,
100706,10425,1058,1,11,382,
100707,10425,1029,12,30,371,
100708,10426,1049,8,38,173,
100709,10427,1077,11,22,181,
100710,10428,1035,13,40,286,
100711,10429,1054,15,98,578,
100712,10430,1030,2,8,507,
100713,10431,1035,28,59,537,
100714,10431,1053,2,22,467,
100715,10432,1072,2,6,234,
100716,10433,1061,1,1,400,
100717,10434,1021,18,117,549,
100718,10434,1027,15,50,280,
100719,10435,1056,1,5,323,
100720,10435,1029,40,144,305,
100721,10436,1027,39,93,358,
100722,10437,1030,6,13,485,
100723,10438,1059,18,44,325,
100724,10439,1028,5,31,507,
100725,10439,1016,3,37,428,
100726,10440,1026,11,26,152,
100727,10440,1032,5,15,318,
100728,10441,1011,7,25,300,
100729,10442,1073,20,80,190,
100730,10442,1027,16,34,380,
100731,10443,1062,30,96,491,
100732,10443,1048,3,10,418,
100733,10444,1023,8,22,207,
100734,10445,1065,7,22,432,
100735,10446,1042,2,21,268,
100736,10447,1070,10,80,340,
100737,10447,1013,9,22,475,
100738,10447,1043,8,18,192,
100739,10448,1026,12,26,460,
100740,10448,1039,7,18,358,
100741,10448,1078,18,47,477,
100742,10448,1014,9,20,217,
100743,10449,1070,6,21,519,
100744,10449,1047,8,36,593,
100745,10450,1016,9,35,553,
100746,10451,1010,59,118,584,
100747,10452,1071,21,58,455,
100748,10453,1033,15,31,440,
100749,10453,1062,10,31,562,
100750,10454,1050,4,13,479,
100751,10455,1012,3,9,504,
100752,10455,1077,5,20,512,
100753,10455,1042,15,31,232,
100754,10456,1011,47,114,447,
100755,10457,1040,7,39,469,
100756,10457,1009,15,31,167,
100757,10457,1014,40,110,220,
100758,10457,1056,5,34,522,
100759,10458,1023,22,49,305,
100760,10459,1018,8,29,383,
100761,10459,1040,6,44,196,
100762,10460,1076,14,37,393,
100763,10460,1037,9,41,434,
100764,10461,1058,13,44,367,
100765,10461,1011,30,125,199,
100766,10461,1057,31,92,238,
100767,10462,1075,8,22,484,
100768,10463,1052,42,109,474,
100769,10464,1028,1,5,330,
100770,10465,1031,31,99,201,
100771,10465,1074,13,45,269,
100772,10466,1076,5,15,321,
100773,10467,1019,9,43,525,
100774,10468,1048,16,60,266,
100775,10469,1054,15,31,464,
100776,10469,1075,2,23,542,
100777,10470,1079,9,32,273,
100778,10470,1071,7,25,472,
100779,10471,1049,5,11,324,
100780,10471,1050,14,31,207,
100781,10471,1047,14,65,441,
100782,10471,1021,4,10,296,
100783,10472,1021,14,46,367,
100784,10472,1052,26,63,556,
100785,10472,1020,40,121,527,
100786,10473,1007,8,31,297,
100787,10473,1008,8,21,474,
100788,10474,1029,1,4,589,
100789,10474,1012,10,30,544,
100790,10475,1051,27,93,537,
100791,10476,1014,2,21,491,
100792,10477,1079,19,51,217,
100793,10478,1018,23,144,573,
100794,10479,1023,26,60,234,
100795,10480,1025,13,29,523,
100796,10480,1072,3,22,345,
100797,10481,1036,8,40,210,
100798,10482,1022,13,92,305,
100799,10482,1041,3,23,578,
100800,10483,1030,17,50,352,
100801,10484,1055,35,99,166,
100802,10484,1057,2,12,505,
100803,10485,1048,14,50,366,
100804,10485,1010,4,47,213,
100805,10486,1025,4,8,201,
100806,10487,1070,1,1,457,
100807,10487,1006,16,93,553,
100808,10487,1005,9,21,325,
100809,10488,1007,14,55,444,
100810,10489,1066,7,24,358,
100811,10490,1019,30,77,520,
100812,10491,1026,3,7,424,
100813,10491,1074,8,19,436,
100814,10492,1003,12,31,426,
100815,10493,1062,1,8,377,
100816,10494,1018,10,49,183,
100817,10494,1040,1,16,478,
100818,10495,1070,13,41,577,
100819,10496,1079,3,6,518,
100820,10497,1073,8,34,347,
100821,10498,1065,13,34,300,
100822,10498,1056,13,47,264,
100823,10499,1027,3,8,488,
100824,10500,1001,4,33,524,
100825,10500,1008,49,136,220,
100826,10501,1054,14,31,232,
100827,10502,1009,23,51,267,
100828,10503,1008,12,57,315,
100829,10504,1054,21,49,265,
100830,10505,1045,13,32,462,
100831,10505,1051,31,91,544,
100832,10506,1048,1,4,297,
100833,10507,1053,10,44,562,
100834,10508,1044,5,34,379,
100835,10509,1049,4,9,335,
100836,10510,1016,1,4,343,
100837,10510,1034,8,17,202,
100838,10511,1020,1,1,243,
100839,10512,1040,19,88,377,
100840,10513,1063,17,48,386,
100841,10513,1018,2,5,241,
100842,10514,1028,11,49,237,
100843,10515,1071,36,78,493,
100844,10515,1048,14,41,398,
100845,10515,1011,7,19,448,
100846,10515,1054,21,48,502,
100847,10516,1010,17,40,337,
100848,10516,1007,33,66,277,
100849,10517,1003,1,3,309,
100850,10518,1049,9,45,598,
100851,10519,1015,1,2,203,
100852,10519,1014,1,7,307,
100853,10520,1028,3,6,200,
100854,10521,1013,3,25,246,
100855,10521,1058,13,50,543,
100856,10522,1004,38,93,359,
100857,10523,1036,31,64,406,
100858,10524,1013,10,57,234,
100859,10525,1056,13,41,277,
100860,10525,1040,10,63,185,
100861,10526,1073,3,13,539,
100862,10526,1053,20,40,179,
100863,10527,1056,31,109,230,
100864,10528,1064,3,15,538,
100865,10528,1074,18,60,542,
100866,10528,1065,4,29,301,
100867,10529,1057,9,45,339,
100868,10530,1075,13,85,247,
100869,10531,1061,4,15,221,
100870,10532,1072,17,46,563,
100871,10532,1074,7,20,521,
100872,10533,1038,1,7,155,
100873,10534,1061,6,26,188,
100874,10535,1004,9,59,432,
100875,10535,1012,6,16,397,
100876,10536,1030,20,43,187,
100877,10537,1061,6,34,446,
100878,10538,1041,4,13,289,
100879,10539,1037,3,8,311,
100880,10539,1013,1,3,311,
100881,10539,1065,8,37,156,
100882,10539,1061,1,12,463,
100883,10540,1066,5,49,442,
100884,10540,1069,20,86,341,
100885,10540,1026,29,150,492,
100886,10540,1070,34,73,339,
100887,10540,1077,26,63,519,
100888,10541,1016,17,49,560,
100889,10542,1005,25,77,436,
100890,10543,1046,22,61,480,
100891,10543,1027,1,19,321,
100892,10543,1029,12,40,268,
100893,10543,1059,5,14,261,
100894,10544,1047,10,35,497,
100895,10545,1014,18,65,241,
100896,10546,1050,3,19,470,
100897,10546,1037,27,63,191,
100898,10546,1025,2,20,377,
100899,10547,1027,14,45,339,
100900,10547,1038,24,84,276,
100901,10547,1043,18,46,293,
100902,10548,1072,4,31,581,
100903,10549,1027,57,124,549,
100904,10550,1018,4,47,284,
100905,10550,1044,9,23,394,
100906,10550,1028,36,149,357,
100907,10550,1010,44,88,336,
100908,10551,1071,4,24,307,
100909,10552,1048,1,9,189,
100910,10553,1078,10,52,279,
100911,10554,1079,1,3,295,
100912,10555,1008,19,59,239,
100913,10556,1047,1,3,439,
100914,10557,1007,19,45,192,
100915,10558,1038,3,15,160,
100916,10559,1047,45,98,169,
100917,10559,1003,7,42,188,
100918,10560,1057,20,77,536,
100919,10561,1031,3,14,198,
100920,10562,1038,2,29,157,
100921,10562,1026,6,13,228,
100922,10562,1064,7,49,186,
100923,10562,1017,27,80,164,
100924,10563,1049,3,18,275,
100925,10564,1001,5,22,446,
100926,10565,1058,13,26,575,
100927,10566,1035,8,16,437,
100928,10567,1051,4,25,275,
100929,10567,1049,5,15,153,
100930,10568,1034,2,7,398,
100931,10569,1044,16,92,267,
100932,10570,1037,52,118,243,
100933,10571,1067,8,70,343,
100934,10571,1043,19,76,474,
100935,10571,1018,3,13,194,
100936,10572,1060,3,33,260,
100937,10572,1079,12,24,222,
100938,10573,1020,8,49,410,
100939,10573,1021,20,67,318,
100940,10574,1020,1,3,489,
100941,10574,1047,9,22,151,
100942,10575,1061,1,19,376,
100943,10576,1029,4,33,591,
100944,10577,1015,40,83,428,
100945,10577,1045,6,30,286,
100946,10578,1022,4,14,485,
100947,10579,1005,4,48,337,
100948,10579,1025,23,65,497,
100949,10580,1061,40,142,378,
100950,10580,1032,36,123,513,
100951,10581,1048,5,11,174,
100952,10581,1013,23,49,336,
100953,10582,1006,21,108,535,
100954,10583,1076,30,100,579,
100955,10584,1007,21,68,487,
100956,10585,1037,13,38,269,
100957,10585,1077,2,5,312,
100958,10585,1027,17,41,258,
100959,10585,1035,20,40,504,
100960,10586,1015,4,20,276,
100961,10586,1010,4,20,453,
100962,10586,1076,18,37,425,
100963,10586,1065,6,18,268,
100964,10587,1015,3,9,174,
100965,10588,1044,4,13,274,
100966,10589,1034,8,32,161,
100967,10590,1009,2,5,520,
100968,10591,1005,24,62,320,
100969,10592,1008,30,102,305,
100970,10593,1015,13,35,428,
100971,10594,1041,1,4,167,
100972,10595,1026,4,11,287,
100973,10595,1023,7,19,203,
100974,10595,1051,15,95,592,
100975,10595,1076,12,45,345,
100976,10596,1049,6,27,576,
100977,10597,1072,2,25,158,
100978,10598,1073,20,45,547,
100979,10598,1054,13,43,188,
100980,10598,1070,7,27,552,
100981,10599,1006,19,38,238,
100982,10600,1060,10,25,311,
100983,10601,1019,42,116,462,
100984,10602,1065,3,10,199,
100985,10602,1021,1,8,419,
100986,10602,1055,19,79,314,
100987,10602,1060,3,10,442,
100988,10603,1076,18,39,222,
100989,10603,1078,12,49,356,
100990,10604,1020,10,22,245,
100991,10605,1060,43,92,566,
100992,10606,1024,31,75,327,
100993,10606,1039,3,9,559,
100994,10607,1059,22,86,201,
100995,10608,1031,1,5,342,
100996,10608,1064,3,13,554,
100997,10609,1018,8,34,351,
100998,10609,1047,16,44,354,
100999,10609,1055,11,46,584,
101000,10609,1006,12,45,579,
101001,10610,1055,17,84,593,
101002,10610,1078,1,3,338,
101003,10610,1065,27,67,172,
101004,10610,1052,2,23,550,
101005,10610,1053,5,10,184,
101006,10611,1040,8,17,396,
101007,10611,1039,3,7,454,
101008,10612,1002,49,148,180,
101009,10613,1026,17,37,251,
101010,10613,1033,1,2,345,
101011,10613,1058,5,38,334,
101012,10613,1068,1,1,511,
101013,10613,1032,1,13,431,
101014,10614,1034,33,91,467,
101015,10614,1038,3,19,362,
101016,10614,1076,5,13,477,
101017,10614,1059,2,6,393,
101018,10615,1028,2,10,595,
101019,10616,1049,3,14,173,
101020,10617,1052,12,36,218,
101021,10617,1009,29,85,280,
101022,10617,1018,12,33,498,
101023,10618,1078,8,46,197,
101024,10618,1031,6,24,177,
101025,10619,1026,16,36,167,
101026,10620,1012,2,14,546,
101027,10620,1019,13,33,166,
101028,10621,1029,1,1,169,
101029,10621,1060,7,43,425,
101030,10622,1023,2,12,402,
101031,10623,1037,14,33,299,
101032,10623,1003,17,36,513,
101033,10624,1008,37,84,519,
101034,10625,1016,4,32,233,
101035,10625,1024,9,27,211,
101036,10626,1053,38,88,432,
101037,10627,1022,6,60,258,
101038,10628,1040,13,45,589,
101039,10628,1076,5,18,448,
101040,10629,1075,12,31,424,
101041,10630,1065,15,97,466,
101042,10631,1056,13,99,332,
101043,10632,1051,29,58,449,
101044,10632,1051,8,24,537,
101045,10633,1057,25,98,217,
101046,10634,1077,11,33,413,
101047,10635,1031,18,39,584,
101048,10635,1037,11,22,513,
101049,10635,1026,1,2,457,
101050,10636,1021,1,4,587,
101051,10637,1079,17,48,450,
101052,10638,1065,37,93,451,
101053,10638,1019,6,44,390,
101054,10639,1021,9,47,353,
101055,10640,1015,5,17,330,
101056,10641,1033,4,13,420,
101057,10642,1005,4,26,542,
101058,10643,1055,4,22,480,
101059,10643,1050,10,24,250,
101060,10644,1009,1,5,269,
101061,10644,1039,14,36,584,
101062,10645,1009,15,46,446,
101063,10646,1009,36,84,376,
101064,10647,1027,19,46,488,
101065,10648,1033,5,11,588,
101066,10649,1061,17,41,181,
101067,10650,1042,10,30,599,
101068,10650,1036,4,14,398,
101069,10651,1064,29,90,470,
101070,10652,1066,14,32,379,
101071,10652,1017,45,91,471,
101072,10653,1030,15,44,301,
101073,10653,1033,3,36,234,
101074,10654,1037,3,9,457,
101075,10655,1070,10,47,392,
101076,10656,1039,14,47,491,
101077,10657,1022,8,24,303,
101078,10658,1062,10,37,362,
101079,10659,1052,18,41,441,
101080,10660,1017,11,45,338,
101081,10660,1070,18,39,304,
101082,10660,1011,39,141,528,
101083,10661,1059,9,35,481,
101084,10662,1036,11,46,242,
101085,10662,1071,9,42,424,
101086,10663,1075,12,30,498,
101087,10663,1014,39,91,546,
101088,10664,1014,21,98,216,
101089,10665,1015,13,44,288,
101090,10666,1070,5,28,539,
101091,10667,1031,2,7,497,
101092,10667,1042,18,46,398,
101093,10667,1065,11,34,432,
101094,10668,1069,27,120,309,
101095,10668,1016,9,86,154,
101096,10668,1059,6,32,326,
101097,10669,1016,6,24,456,
101098,10670,1072,31,93,179,
101099,10670,1058,9,24,264,
101100,10671,1042,5,16,268,
101101,10672,1025,3,37,231,
101102,10673,1077,1,5,159,
101103,10674,1014,56,128,268,
101104,10675,1062,1,1,157,
101105,10676,1014,30,66,377,
101106,10677,1070,13,89,198,
101107,10678,1014,28,102,488,
101108,10679,1015,22,65,326,
101109,10679,1009,4,8,392,
101110,10679,1049,23,55,354,
101111,10680,1013,9,20,253,
101112,10681,1055,38,84,430,
101113,10681,1074,1,12,201,
101114,10682,1026,4,10,288,
101115,10682,1051,8,36,294,
101116,10683,1020,13,56,350,
101117,10683,1013,30,77,279,
101118,10683,1033,7,14,393,
101119,10683,1068,5,16,374,
101120,10684,1070,39,82,573,
101121,10685,1016,1,2,401,
101122,10686,1034,23,63,311,
101123,10686,1017,24,50,235,
101124,10687,1057,3,15,208,
101125,10688,1036,3,6,565,
101126,10689,1077,24,147,537,
101127,10689,1008,20,76,189,
101128,10690,1018,6,18,559,
101129,10690,1031,10,30,202,
101130,10690,1075,2,22,456,
101131,10690,1028,25,117,483,
101132,10691,1071,3,27,380,
101133,10692,1031,17,39,276,
101134,10693,1073,21,122,395,
101135,10694,1079,15,71,329,
101136,10695,1017,6,24,453,
101137,10696,1062,5,22,223,
101138,10697,1049,11,44,380,
101139,10697,1078,10,39,150,
101140,10698,1002,19,42,297,
101141,10699,1038,7,24,211,
101142,10699,1026,7,42,497,
101143,10700,1031,10,50,251,
101144,10700,1036,34,68,522,
101145,10701,1029,29,101,196,
101146,10702,1065,3,20,294,
101147,10702,1034,17,100,390,
101148,10703,1014,4,36,284,
101149,10704,1022,27,62,500,
101150,10704,1027,1,11,503,
101151,10704,1020,14,45,415,
101152,10705,1007,21,106,367,
101153,10706,1044,10,22,565,
101154,10707,1053,5,18,348,
101155,10708,1006,1,4,330,
101156,10708,1046,7,19,587,
101157,10709,1012,5,14,577,
101158,10709,1046,8,16,267,
101159,10710,1016,8,29,351,
101160,10710,1008,34,99,380,
101161,10711,1012,3,8,381,
101162,10712,1012,16,39,239,
101163,10713,1056,15,56,379,
101164,10713,1035,1,3,270,
101165,10713,1004,15,33,321,
101166,10714,1019,14,39,314,
101167,10715,1046,6,16,381,
101168,10716,1074,3,8,406,
101169,10716,1045,3,32,586,
101170,10716,1016,7,50,262,
101171,10716,1033,10,26,296,
101172,10717,1014,28,57,379,
101173,10717,1030,1,2,336,
101174,10718,1060,3,39,435,
101175,10719,1043,6,38,213,
101176,10720,1007,5,26,331,
101177,10721,1056,6,13,419,
101178,10721,1018,8,46,313,
101179,10722,1034,7,67,447,
101180,10723,1054,13,26,174,
101181,10724,1044,31,72,316,
101182,10724,1077,6,13,556,
101183,10724,1011,33,91,210,
101184,10725,1007,6,39,527,
101185,10725,1035,14,34,407,
101186,10726,1006,43,98,260,
101187,10727,1004,13,61,496,
101188,10728,1015,9,27,488,
101189,10729,1006,7,14,343,
101190,10729,1064,1,1,311,
101191,10729,1076,35,94,302,
101192,10729,1034,34,75,290,
101193,10729,1076,5,27,522,
101194,10730,1063,2,7,347,
101195,10731,1006,1,2,360,
101196,10731,1043,4,31,250,
101197,10732,1019,11,50,283,
101198,10732,1029,23,47,543,
101199,10733,1012,12,29,488,
101200,10734,1063,1,8,204,
101201,10735,1048,1,7,290,
101202,10736,1070,1,2,195,
101203,10736,1039,5,13,152,
101204,10736,1026,6,33,451,
101205,10737,1045,4,20,401,
101206,10737,1048,4,9,424,
101207,10738,1016,14,30,212,
101208,10739,1018,26,126,475,
101209,10740,1072,16,33,155,
101210,10741,1016,9,37,474,
101211,10742,1025,7,20,358,
101212,10743,1053,6,25,493,
101213,10743,1044,7,30,191,
101214,10743,1015,7,49,400,
101215,10743,1004,14,36,318,
101216,10743,1055,2,7,577,
101217,10744,1030,14,30,367,
101218,10745,1008,6,25,311,
101219,10745,1071,4,41,548,
101220,10746,1023,8,38,231,
101221,10746,1048,1,5,420,
101222,10747,1041,7,17,511,
101223,10747,1002,10,27,436,
101224,10747,1035,2,4,554,
101225,10748,1039,9,24,414,
101226,10749,1067,12,49,295,
101227,10749,1056,1,5,360,
101228,10749,1068,12,50,194,
101229,10750,1050,6,16,317,
101230,10751,1020,9,35,230,
101231,10751,1071,2,6,310,
101232,10751,1058,2,7,287,
101233,10751,1026,28,76,409,
101234,10751,1033,27,90,172,
101235,10752,1061,5,42,426,
101236,10752,1052,1,2,355,
101237,10753,1044,3,9,342,
101238,10753,1071,3,9,480,
101239,10753,1010,2,10,217,
101240,10753,1050,8,19,397,
101241,10754,1037,1,2,529,
101242,10754,1033,8,23,402,
101243,10755,1042,9,50,504,
101244,10756,1054,12,30,440,
101245,10757,1044,12,60,592,
101246,10758,1018,1,1,435,
101247,10758,1011,3,39,401,
101248,10759,1070,9,27,396,
101249,10759,1016,16,38,242,
101250,10760,1037,21,49,227,
101251,10761,1051,7,24,575,
101252,10762,1060,1,4,427,
101253,10762,1025,9,20,300,
101254,10763,1075,17,34,544,
101255,10764,1055,7,50,205,
101256,10764,1004,1,1,531,
101257,10764,1056,8,30,217,
101258,10765,1027,7,35,337,
101259,10766,1013,16,41,494,
101260,10767,1078,17,52,411,
101261,10768,1055,12,24,159,
101262,10769,1031,4,33,403,
101263,10770,1044,25,57,413,
101264,10771,1053,7,18,214,
101265,10772,1020,34,74,443,
101266,10773,1069,14,40,396,
101267,10774,1064,12,90,218,
101268,10774,1056,10,26,192,
101269,10775,1003,3,39,494,
101270,10775,1016,27,98,385,
101271,10776,1028,4,14,563,
101272,10777,1045,10,31,352,
101273,10777,1042,16,99,527,
101274,10778,1067,9,24,460,
101275,10779,1014,13,36,278,
101276,10779,1069,5,52,579,
101277,10780,1069,1,2,416,
101278,10781,1051,6,19,336,
101279,10781,1035,32,103,335,
101280,10782,1012,10,29,342,
101281,10783,1005,1,2,401,
101282,10784,1033,1,12,182,
101283,10784,1032,17,36,258,
101284,10785,1026,8,24,566,
101285,10786,1004,48,112,512,
101286,10787,1078,2,9,194,
101287,10787,1027,6,45,340,
101288,10788,1030,12,30,411,
101289,10788,1065,3,23,448,
101290,10789,1007,22,138,204,
101291,10790,1044,1,5,335,
101292,10790,1078,10,34,443,
101293,10790,1013,3,10,205,
101294,10791,1033,12,61,446,
101295,10792,1078,4,10,541,
101296,10792,1047,6,39,490,
101297,10793,1054,1,1,597,
101298,10794,1006,2,16,475,
101299,10795,1064,11,43,596,
101300,10795,1060,15,48,493,
101301,10795,1058,2,12,520,
101302,10796,1010,2,7,403,
101303,10796,1077,1,1,360,
101304,10797,1067,7,16,291,
101305,10797,1072,3,10,572,
101306,10798,1056,26,62,414,
101307,10798,1047,5,30,517,
101308,10799,1048,13,39,354,
101309,10799,1057,65,137,509,
101310,10800,1046,37,106,235,
101311,10801,1046,6,27,309,
101312,10802,1027,6,34,218,
101313,10802,1016,9,33,469,
101314,10802,1055,2,21,532,
101315,10803,1043,11,29,224,
101316,10803,1006,1,2,362,
101317,10803,1037,4,10,346,
101318,10803,1025,34,78,592,
101319,10804,1030,29,69,561,
101320,10805,1005,4,48,453,
101321,10806,1074,18,39,255,
101322,10806,1075,28,62,368,
101323,10806,1041,11,82,279,
101324,10807,1015,41,106,216,
101325,10808,1052,9,39,245,
101326,10808,1061,19,38,381,
101327,10809,1014,17,78,298,
101328,10809,1066,10,31,337,
101329,10810,1037,18,41,408,
101330,10811,1030,1,1,500,
101331,10811,1053,19,40,441,
101332,10812,1079,1,5,526,
101333,10813,1038,2,6,490,
101334,10814,1033,18,46,491,
101335,10815,1078,1,6,322,
101336,10816,1051,1,5,495,
101337,10816,1072,28,87,157,
101338,10817,1012,9,21,578,
101339,10818,1056,6,22,182,
101340,10819,1046,12,39,235,
101341,10819,1008,16,63,377,
101342,10820,1079,15,31,458,
101343,10821,1011,10,41,243,
101344,10822,1033,31,62,507,
101345,10823,1057,3,18,533,
101346,10824,1061,25,68,163,
101347,10825,1049,2,6,218,
101348,10825,1068,13,30,489,
101349,10826,1078,24,67,322,
101350,10826,1027,16,40,538,
101351,10827,1011,10,40,237,
101352,10828,1034,13,93,461,
101353,10829,1037,1,6,231,
101354,10830,1076,11,46,401,
101355,10830,1071,1,4,569,
101356,10831,1004,31,116,230,
101357,10831,1009,6,47,449,
101358,10831,1038,3,6,261,
101359,10831,1079,5,46,499,
101360,10832,1074,9,31,574,
101361,10832,1060,11,41,154,
101362,10832,1055,7,46,519,
101363,10833,1023,15,96,443,
101364,10834,1012,6,12,482,
101365,10835,1021,9,74,462,
101366,10836,1025,13,32,573,
101367,10837,1055,4,15,486,
101368,10838,1033,26,93,463,
101369,10839,1067,1,1,493,
101370,10839,1077,3,9,372,
101371,10839,1008,1,5,522,
101372,10840,1044,3,13,596,
101373,10840,1068,9,18,400,
101374,10841,1024,2,13,293,
101375,10842,1039,10,33,284,
101376,10843,1064,5,15,379,
101377,10844,1041,9,23,449,
101378,10844,1001,6,50,207,
101379,10844,1017,44,100,591,
101380,10844,1002,4,15,521,
101381,10844,1038,3,9,393,
101382,10845,1042,17,73,490,
101383,10845,1040,1,1,238,
101384,10845,1068,23,48,517,
101385,10846,1054,14,30,502,
101386,10847,1007,4,14,546,
101387,10847,1022,23,46,457,
101388,10847,1044,5,21,264,
101389,10847,1068,1,16,237,
101390,10847,1051,20,60,523,
101391,10848,1020,6,62,236,
101392,10848,1001,3,16,167,
101393,10849,1049,4,16,298,
101394,10849,1036,12,65,268,
101395,10850,1070,1,2,391,
101396,10851,1001,16,33,596,
101397,10851,1024,32,69,527,
101398,10852,1028,5,22,538,
101399,10852,1074,27,86,418,
101400,10853,1021,17,37,313,
101401,10854,1061,5,31,369,
101402,10855,1053,3,33,456,
101403,10856,1052,29,79,213,
101404,10856,1069,6,12,174,
101405,10857,1008,73,149,219,
101406,10857,1075,12,50,436,
101407,10857,1002,16,78,566,
101408,10857,1043,8,16,456,
101409,10858,1005,43,95,588,
101410,10858,1008,6,14,546,
101411,10859,1025,3,6,249,
101412,10859,1039,10,22,382,
101413,10860,1012,5,38,599,
101414,10861,1008,9,40,507,
101415,10862,1046,12,48,295,
101416,10862,1026,5,21,512,
101417,10863,1042,1,5,498,
101418,10864,1020,11,27,155,
101419,10865,1028,17,39,509,
101420,10866,1022,3,10,352,
101421,10867,1058,2,10,460,
101422,10868,1043,13,26,185,
101423,10868,1017,2,24,377,
101424,10869,1002,19,92,343,
101425,10870,1008,12,26,356,
101426,10871,1055,6,15,294,
101427,10871,1075,13,38,396,
101428,10871,1005,15,43,354,
101429,10871,1077,10,32,594,
101430,10872,1062,1,1,287,
101431,10873,1036,42,93,391,
101432,10873,1063,3,6,556,
101433,10874,1070,5,27,420,
101434,10874,1059,7,48,331,
101435,10875,1002,2,5,598,
101436,10876,1021,16,50,415,
101437,10877,1018,5,20,370,
101438,10877,1005,21,63,327,
101439,10877,1013,2,6,252,
101440,10877,1057,16,32,597,
101441,10877,1010,2,12,384,
101442,10878,1055,5,32,417,
101443,10878,1042,16,51,333,
101444,10879,1055,1,3,547,
101445,10880,1068,45,122,465,
101446,10881,1024,5,26,377,
101447,10882,1029,16,83,360,
101448,10883,1008,22,49,447,
101449,10884,1032,16,33,506,
101450,10885,1047,34,90,392,
101451,10886,1039,35,76,163,
101452,10887,1066,25,55,267,
101453,10887,1055,14,34,580,
101454,10887,1007,23,71,582,
101455,10888,1001,31,73,508,
101456,10889,1054,10,41,242,
101457,10889,1015,15,32,267,
101458,10890,1010,2,8,368,
101459,10891,1007,21,49,407,
101460,10891,1063,10,21,184,
101461,10891,1026,1,2,226,
101462,10892,1076,12,35,596,
101463,10893,1076,13,46,249,
101464,10894,1011,8,31,160,
101465,10895,1061,4,40,545,
101466,10895,1075,38,82,439,
101467,10896,1065,7,14,257,
101468,10897,1014,5,18,546,
101469,10897,1040,9,39,493,
101470,10898,1030,1,2,419,
101471,10898,1078,14,34,411,
101472,10899,1060,11,48,298,
101473,10899,1073,8,33,477,
101474,10899,1030,23,54,485,
101475,10900,1007,17,99,310,
101476,10900,1005,22,129,185,
101477,10900,1074,10,24,541,
101478,10901,1032,1,11,222,
101479,10902,1049,3,9,260,
101480,10903,1026,5,21,475,
101481,10903,1065,10,21,265,
101482,10903,1058,15,50,204,
101483,10903,1027,22,46,486,
101484,10904,1007,19,63,393,
101485,10905,1002,13,49,202,
101486,10905,1049,16,51,200,
101487,10906,1023,6,18,536,
101488,10907,1015,1,11,399,
101489,10908,1061,4,9,471,
101490,10908,1077,1,5,339,
101491,10909,1069,33,82,440,
101492,10909,1064,12,40,489,
101493,10909,1041,2,6,548,
101494,10909,1069,2,29,520,
101495,10910,1037,6,37,214,
101496,10911,1066,5,35,181,
101497,10912,1071,14,36,585,
101498,10913,1079,29,89,387,
101499,10914,1022,9,35,538,
101500,10915,1067,1,15,433,
101501,10916,1066,1,18,525,
101502,10916,1024,18,90,482,
101503,10917,1077,33,109,277,
101504,10918,1060,16,40,444,
101505,10919,1023,3,16,574,
101506,10920,1061,10,34,490,
101507,10921,1050,6,45,408,
101508,10922,1075,11,33,486,
101509,10923,1055,16,34,594,
101510,10923,1027,9,36,216,
101511,10923,1034,27,67,410,
101512,10924,1055,20,63,428,
101513,10924,1028,27,72,472,
101514,10924,1012,1,4,478,
101515,10925,1059,9,25,249,
101516,10926,1061,9,44,312,
101517,10926,1073,1,3,483,
101518,10926,1028,9,28,502,
101519,10927,1042,5,17,474,
101520,10927,1066,7,19,249,
101521,10927,1051,6,15,404,
101522,10928,1044,32,84,416,
101523,10929,1031,8,17,468,
101524,10929,1034,4,10,460,
101525,10930,1035,35,97,306,
101526,10931,1058,7,16,471,
101527,10932,1014,1,9,440,
101528,10933,1031,3,31,180,
101529,10934,1070,38,115,480,
101530,10935,1028,11,38,210,
101531,10936,1033,11,53,253,
101532,10937,1025,9,26,496,
101533,10938,1044,2,10,253,
101534,10939,1001,1,6,242,
101535,10939,1038,11,25,357,
101536,10939,1002,39,112,325,
101537,10940,1010,17,34,542,
101538,10940,1030,9,95,440,
101539,10941,1029,30,90,156,
101540,10941,1001,22,50,174,
101541,10942,1064,14,47,351,
101542,10943,1049,24,111,470,
101543,10944,1067,3,35,452,
101544,10945,1029,7,37,330,
101545,10945,1060,5,16,373,
101546,10946,1055,9,62,406,
101547,10947,1045,1,9,357,
101548,10948,1065,6,13,599,
101549,10949,1041,11,25,157,
101550,10950,1046,11,51,259,
101551,10950,1048,17,35,385,
101552,10950,1023,6,37,245,
101553,10951,1056,37,89,341,
101554,10951,1056,3,7,484,
101555,10951,1013,22,53,211,
101556,10952,1031,15,40,207,
101557,10953,1043,10,60,526,
101558,10954,1019,5,38,520,
101559,10954,1041,42,90,516,
101560,10955,1043,1,10,478,
101561,10955,1002,11,28,565,
101562,10956,1052,30,84,330,
101563,10957,1005,15,89,365,
101564,10958,1066,12,42,541,
101565,10959,1040,20,46,592,
101566,10959,1052,6,14,600,
101567,10960,1006,3,28,509,
101568,10961,1058,25,95,309,
101569,10961,1079,3,26,382,
101570,10962,1025,24,98,556,
101571,10963,1059,3,7,520,
101572,10963,1064,19,42,294,
101573,10964,1021,31,125,502,
101574,10964,1021,8,41,223,
101575,10964,1065,11,31,343,
101576,10965,1024,8,30,328,
101577,10966,1034,6,18,576,
101578,10967,1029,33,97,431,
101579,10968,1078,24,91,582,
101580,10969,1038,2,22,202,
101581,10970,1077,38,136,223,
101582,10971,1074,6,19,317,
101583,10971,1061,3,6,176,
101584,10971,1050,12,25,558,
101585,10971,1072,1,8,373,
101586,10972,1033,1,3,511,
101587,10973,1074,2,14,297,
101588,10974,1059,11,39,564,
101589,10974,1033,37,80,334,
101590,10974,1031,5,41,318,
101591,10974,1013,1,7,329,
101592,10975,1057,2,8,407,
101593,10976,1022,17,35,464,
101594,10977,1055,9,26,523,
101595,10977,1004,23,99,491,
101596,10978,1028,6,50,240,
101597,10979,1052,43,89,172,
101598,10980,1056,1,14,541,
101599,10981,1010,19,46,216,
101600,10981,1003,10,62,535,
101601,10982,1012,9,51,345,
101602,10983,1066,4,17,515,
101603,10983,1077,2,21,246,
101604,10984,1028,7,22,459,
101605,10985,1030,8,19,295,
101606,10985,1046,9,34,353,
101607,10986,1077,5,13,262,
101608,10986,1014,2,10,216,
101609,10986,1019,6,38,437,
101610,10987,1006,4,21,269,
101611,10987,1003,4,43,173,
101612,10988,1035,8,31,415,
101613,10988,1030,18,37,390,
101614,10989,1057,1,15,326,
101615,10990,1041,15,38,225,
101616,10991,1034,1,16,562,
101617,10992,1056,12,37,244,
101618,10993,1062,10,106,199,
101619,10994,1078,1,5,382,
101620,10994,1004,44,147,158,
101621,10994,1025,5,24,545,
101622,10995,1039,3,18,560,
101623,10995,1022,9,32,311,
101624,10996,1071,32,124,507,
101625,10997,1061,3,13,453,
101626,10997,1041,54,141,581,
101627,10998,1004,1,2,183,
101628,10999,1066,18,49,246,
101629,11000,1070,8,29,294,
101630,11001,1075,6,69,362,
101631,11002,1015,11,45,510,
101632,11003,1032,19,105,289,
101633,11003,1061,16,40,404,
101634,11003,1040,2,29,207,
101635,11004,1004,6,12,483,
101636,11005,1023,12,31,581,
101637,11005,1069,3,12,536,
101638,11006,1041,8,47,344,
101639,11007,1007,21,69,210,
101640,11007,1057,1,2,338,
101641,11008,1011,3,6,220,
101642,11008,1057,11,40,339,
101643,11008,1002,34,124,162,
101644,11008,1032,27,112,573,
101645,11008,1006,5,11,527,
101646,11009,1026,4,32,367,
101647,11009,1053,1,15,294,
101648,11010,1019,5,19,300,
101649,11010,1074,3,26,587,
101650,11010,1045,18,42,323,
101651,11010,1019,28,67,508,
101652,11011,1034,2,16,488,
101653,11012,1034,17,97,428,
101654,11013,1057,15,30,197,
101655,11014,1003,12,40,526,
101656,11015,1059,24,49,159,
101657,11016,1014,6,25,596,
101658,11017,1048,19,42,460,
101659,11018,1040,4,34,587,
101660,11018,1020,2,4,545,
101661,11019,1021,14,43,537,
101662,11020,1049,4,24,410,
101663,11020,1024,2,12,488,
101664,11020,1002,11,36,593,
101665,11021,1071,11,26,511,
101666,11022,1036,3,11,518,
101667,11023,1071,2,17,449,
101668,11023,1052,45,91,229,
101669,11023,1005,1,6,511,
101670,11023,1063,23,51,287,
101671,11024,1055,2,18,164,
101672,11025,1025,19,43,218,
101673,11026,1066,1,5,169,
101674,11027,1014,5,48,314,
101675,11028,1068,9,60,526,
101676,11028,1048,17,66,489,
101677,11029,1004,4,10,151,
101678,11030,1066,7,47,321,
101679,11030,1049,6,21,241,
101680,11030,1073,6,49,286,
101681,11030,1057,23,75,333,
101682,11031,1027,16,38,459,
101683,11032,1032,39,100,316,
101684,11033,1011,2,8,319,
101685,11033,1028,14,93,424,
101686,11033,1057,4,9,429,
101687,11034,1005,12,45,270,
101688,11035,1076,15,44,218,
101689,11035,1062,8,35,155,
101690,11036,1009,2,7,374,
101691,11037,1012,1,14,453,
101692,11038,1059,1,6,530,
101693,11038,1047,1,3,520,
101694,11039,1002,2,18,372,
101695,11039,1063,1,8,317,
101696,11040,1007,19,54,273,
101697,11040,1048,5,47,221,
101698,11040,1032,1,12,278,
101699,11040,1034,2,9,513,
101700,11041,1067,5,31,218,
101701,11041,1064,8,22,356,
101702,11042,1054,5,10,234,
101703,11042,1014,7,22,185,
101704,11043,1016,8,27,300,
101705,11043,1064,6,18,333,
101706,11044,1013,10,95,201,
101707,11044,1017,10,49,464,
101708,11044,1076,7,44,159,
101709,11045,1038,16,38,325,
101710,11045,1078,8,19,461,
101711,11045,1073,1,1,484,
101712,11045,1057,26,78,286,
101713,11046,1006,6,33,395,
101714,11047,1049,15,40,243,
101715,11048,1044,12,27,441,
101716,11048,1068,1,2,319,
101717,11048,1078,2,27,329,
101718,11048,1052,20,46,527,
101719,11049,1056,13,45,541,
101720,11050,1067,42,122,235,
101721,11050,1068,1,5,179,
101722,11051,1069,25,57,336,
101723,11052,1018,5,14,413,
101724,11052,1036,1,2,191,
101725,11053,1016,5,48,372,
101726,11054,1004,18,40,164,
101727,11055,1038,17,50,288,
101728,11055,1067,31,67,269,
101729,11055,1073,15,112,464,
101730,11056,1055,3,19,263,
101731,11056,1056,3,23,473,
101732,11057,1014,32,94,271,
101733,11057,1028,1,7,600,
101734,11058,1059,4,37,318,
101735,11059,1071,14,31,359,
101736,11059,1034,3,7,184,
101737,11060,1029,13,37,595,
101738,11061,1050,9,27,295,
101739,11062,1029,7,43,366,
101740,11063,1026,3,30,576,
101741,11063,1056,34,74,330,
101742,11064,1028,28,61,380,
101743,11065,1036,5,18,586,
101744,11065,1004,7,18,280,
101745,11065,1015,19,44,506,
101746,11065,1017,17,45,381,
101747,11066,1054,16,38,395,
101748,11067,1024,10,30,461,
101749,11068,1028,34,94,484,
